brand,generic
Verzenio,Abemaciclib
Verzenios,Abemaciclib
Abatitor,Abiraterone
Abione,Abiraterone
Abiracine,Abiraterone
Abiracure,Abiraterone
Abirakast,Abiraterone
Abiramab,Abiraterone
Abirapro,Abiraterone
Abirataj,Abiraterone
Abiratas,Abiraterone
Arbitus,Abiraterone
Ariteron,Abiraterone
Birato,Abiraterone
MyTera,Abiraterone
Samtica,Abiraterone
Xbira,Abiraterone
Yonsa,Abiraterone
Zabiteron,Abiraterone
Zecyte,Abiraterone
Zelgor,Abiraterone
Zybuca,Abiraterone
Zytiga,Abiraterone
Zytix,Abiraterone
Calquence,Acalabrutinib
Aclacin,Aclarubicin
Aclacinomycine,Aclarubicin
Aclacinon,Aclarubicin
Aclaplastin,Aclarubicin
Jaclacin,Aclarubicin
Kadcyla,Trastuzumab emtansine
Ujvira,Trastuzumab emtansine
Afanix,Afatinib
Gilotrif,Afatinib
Giotrif,Afatinib
Tomtovok,Afatinib
Tovok,Afatinib
Xovoltib,Afatinib
Macrolin,Aldesleukin
Proleukin,Aldesleukin
Alecensa,Alectinib
Alecensaro,Alectinib
Alecinix,Alectinib
Alecnib,Alectinib
Campath,Alemtuzumab
Campath-1H,Alemtuzumab
Lemtrada,Alemtuzumab
MabCampath,Alemtuzumab
CA ATRA,All-trans retinoic acid
Ves-ATRA,All-trans retinoic acid
Vesanoid,All-trans retinoic acid
Hexalen,Altretamine
Hexastat,Altretamine
Aminoblastin,Aminoglutethimide
Cytadren,Aminoglutethimide
Elipten,Aminoglutethimide
Orimentin,Aminoglutethimide
Orimeten,Aminoglutethimide
Orimetene,Aminoglutethimide
Rodazol,Aminoglutethimide
Calsed,Amrubicin
Amekrin,Amsacrine
Amsa P-D,Amsacrine
Amsidine,Amsacrine
Amsidyl,Amsacrine
Lamasine,Amsacrine
Altraz,Anastrozole
Anabrez,Anastrozole
Anastraze,Anastrozole
Anastrazol Rontag,Anastrozole
Anastrol,Anastrozole
Arimidex,Anastrozole
Asiolex,Anastrozole
Karomex,Anastrozole
Leprofen,Anastrozole
RUI SI YI,Anastrozole
RUI Ting,Anastrozole
Trozolet,Anastrozole
Trozolite,Anastrozole
Erleada,Apalutamide
Aitan,Apatinib
Arsenol,Arsenic trioxide
Arsenox,Arsenic trioxide
Leusenox,Arsenic trioxide
Trisenox,Arsenic trioxide
Asparaginasa,Asparaginase
Chephacardin,Asparaginase
Crasnitin,Asparaginase
Elspar,Asparaginase
Engenase,Asparaginase
Kidrolase,Asparaginase
L Asparaginasa,Asparaginase
L Asparaginasum,Asparaginase
L-Asperone,Asparaginase
L-Ginase,Asparaginase
Laspar,Asparaginase
Leucoginase,Asparaginase
Leunase,Asparaginase
Onconase,Asparaginase
Paronal,Asparaginase
Spectrila,Asparaginase
Erwinase,Asparaginase Erwinia chrysanthemi
Erwinaze,Asparaginase Erwinia chrysanthemi
Tecentriq,Atezolizumab
Bavencio,Avelumab
Yescarta,Axicabtagene ciloleucel
Axishil,Axitinib
Axpero,Axitinib
Inlybest,Axitinib
Inlyta,Axitinib
Luciax,Axitinib
Azacitidina,Azacitidine
Azacytin,Azacitidine
Azadine,Azacitidine
Azafect,Azacitidine
Azaplast,Azacitidine
Citaza,Azacitidine
MyAza,Azacitidine
Myelotex,Azacitidine
Vidaza,Azacitidine
Xpreza,Azacitidine
TheraCys,Bacillus Calmette-Guerin
TICE BCG,Bacillus Calmette-Guerin
Tarvacin,Bavituximab
Beleodaq,Belinostat
Camptobell,Belotecan
Belrapzo,Bendamustine
Bendamax,Bendamustine
Bendawel,Bendamustine
Bendeka,Bendamustine
Bendit,Bendamustine
Innomustine,Bendamustine
Leuben,Bendamustine
Levact,Bendamustine
Maxtorin,Bendamustine
MyMust,Bendamustine
Purplz,Bendamustine
Ribomustin,Bendamustine
Treakisym,Bendamustine
Treanda,Bendamustine
Xyotin,Bendamustine
Altuzan,Bevacizumab
Avastin,Bevacizumab
BevaciRel,Bevacizumab
Bevarest,Bevacizumab
Bexgratin,Bexarotene
Targretin,Bexarotene
Calutide,Bicalutamide
Casodex,Bicalutamide
Cosudex,Bicalutamide
Kalumid,Bicalutamide
Mektovi,Binimetinib
Blenoxane,Bleomycin
Bleo,Bleomycin
Bleocin,Bleomycin
Bleocip,Bleomycin
Bleopar,Bleomycin
Bleowel,Bleomycin
Blincyto,Blinatumomab
Biocure,Bortezomib
Borater,Bortezomib
Bortecad,Bortezomib
Bortemib,Bortezomib
Bortenat,Bortezomib
Bortetrust,Bortezomib
Bortrac,Bortezomib
Borvex,Bortezomib
Borviz,Bortezomib
Botepar,Bortezomib
Bromadene,Bortezomib
Egybort,Bortezomib
Mibor,Bortezomib
Myezom,Bortezomib
Norvelzo,Bortezomib
Ortez,Bortezomib
Velcade,Bortezomib
Zomib,Bortezomib
Zuricade,Bortezomib
Bosulif,Bosutinib
Adcetris,Brentuximab vedotin
Alunbrig,Brigatinib
Biganib,Brigatinib
Briganix,Brigatinib
Trepmac,Brigatinib
Busilvex,Busulfan
Busulfex,Busulfan
Myleran,Busulfan
Cabapan,Cabazitaxel
Cabaxan,Cabazitaxel
Cabazither,Cabazitaxel
Cabtana,Cabazitaxel
Cazat,Cabazitaxel
Jevatax,Cabazitaxel
Jevtana,Cabazitaxel
Kabanat,Cabazitaxel
Procabazi,Cabazitaxel
Qtervaxia,Cabazitaxel
Z-Texel,Cabazitaxel
Cabometyx,Cabozantinib
Caboxen,Cabozantinib
Cabozanib,Cabozantinib
Cabozanix,Cabozantinib
Cometriq,Cabozantinib
Lucicaboz,Cabozantinib
Asparlas,Calaspargase
Cabita,Capecitabine
Capebin,Capecitabine
Capegard,Capecitabine
Capnat,Capecitabine
Caposib,Capecitabine
Capsy,Capecitabine
Caxeta,Capecitabine
Citabin,Capecitabine
Ecansya,Capecitabine
Flagoda,Capecitabine
Naprocap,Capecitabine
Skemca,Capecitabine
Xeloda,Capecitabine
Xlotabin,Capecitabine
Biocarb,Carboplatin
Biocarbo,Carboplatin
Bioplatinex,Carboplatin
Biovinate,Carboplatin
Blastocarb,Carboplatin
Bonaplatin,Carboplatin
Boplatex,Carboplatin
Carbo,Carboplatin
Carbokem,Carboplatin
Carbomedac,Carboplatin
Carbomerck,Carboplatin
Carboplat,Carboplatin
Carboplatine,Carboplatin
Carboplatino,Carboplatin
Carboplatinum,Carboplatin
Carbosin,Carboplatin
Carbotanil,Carboplatin
Carbotec,Carboplatin
Carbotinol,Carboplatin
Careptin,Carboplatin
Carplan,Carboplatin
Carplanil,Carboplatin
Carpsol,Carboplatin
CBDCA,Carboplatin
Crobextin,Carboplatin
Cycloplatin,Carboplatin
Cycloplatinum,Carboplatin
Emorzim,Carboplatin
Erbakar,Carboplatin
Ercar,Carboplatin
Fauldcarbo,Carboplatin
Ifacap,Carboplatin
Kemocarb,Carboplatin
Megaplatin,Carboplatin
Nealorin,Carboplatin
Neocarb,Carboplatin
Neocarbo,Carboplatin
Oncocarb,Carboplatin
Paraplatin,Carboplatin
Paraplatine,Carboplatin
Pharmaplatin,Carboplatin
Platamine CS,Carboplatin
Platinwas,Carboplatin
Ribocarbo,Carboplatin
Tecnocarb,Carboplatin
Vancel,Carboplatin
Carfilnat,Carfilzomib
Kyprolis,Carfilzomib
Becenun,Carmustine
BiCNU,Carmustine
Carmubris,Carmustine
Leucerom,Carmustine
Nitrourean,Carmustine
Nitrumon,Carmustine
Biodel,Carmustine wafer polifeprosan 20
Gliadel wafer,Carmustine wafer polifeprosan 20
Recentin,Cediranib
Libtayo,Cemiplimab
Lucicer,Ceritinib
Noxalk,Ceritinib
Spexib,Ceritinib
Zykadia,Ceritinib
Cetuxim,Cetuximab
Erbitux,Cetuximab
Epidaza,Chidamide
Chlorambusil,Chlorambucil
Chloraminophene,Chlorambucil
Chlorbutin,Chlorambucil
Chlorobutin,Chlorambucil
Leukeran,Chlorambucil
Linfoxan,Chlorambucil
Abiplatin,Cisplatin
Axiplat,Cisplatin
Biocisplatinum,Cisplatin
Bioplatino,Cisplatin
Blastolem,Cisplatin
Briplatin,Cisplatin
Brisplatin,Cisplatin
C-Platin,Cisplatin
Ceplatin,Cisplatin
Ciplatan,Cisplatin
Ciplexal,Cisplatin
Cis-GRY,Cisplatin
Cismaplat,Cisplatin
Cispatin,Cisplatin
Cisplamerck,Cisplatin
Cisplan,Cisplatin
Cisplasol,Cisplatin
Cisplatex,Cisplatin
Cisplatine,Cisplatin
Cisplatino,Cisplatin
Cisplatyl,Cisplatin
Cisteen,Cisplatin
Citoplatino,Cisplatin
Citosin,Cisplatin
Cysplatyna,Cisplatin
Cytoplatin,Cisplatin
Docistin,Cisplatin
Elvecis,Cisplatin
Fauldcispla,Cisplatin
Ifapla,Cisplatin
Kemoplat,Cisplatin
Lederplatin,Cisplatin
Metaplatin,Cisplatin
Neoplat,Cisplatin
Neoplatin,Cisplatin
Noveldexis,Cisplatin
Oncoplatin AQ,Cisplatin
Peyrone's Chloride,Cisplatin
Peyrone's Salt,Cisplatin
Placis,Cisplatin
Plastistil,Cisplatin
Platamin,Cisplatin
Platamine,Cisplatin
Platiblastin,Cisplatin
Platicis,Cisplatin
Platidiam,Cisplatin
Platikem,Cisplatin
Platil,Cisplatin
Platimit,Cisplatin
Platin,Cisplatin
Platinex,Cisplatin
Platinil,Cisplatin
Platino II Filaxis,Cisplatin
Platinol,Cisplatin
Platinox,Cisplatin
Platinoxan,Cisplatin
Platiran,Cisplatin
Platistil,Cisplatin
Platistin,Cisplatin
Platistine,Cisplatin
Platosin,Cisplatin
Randa,Cisplatin
Romcis,Cisplatin
Sicatem,Cisplatin
Sinplatin,Cisplatin
Sisplanil,Cisplatin
Tecnoplatin,Cisplatin
Tisplal,Cisplatin
Unistin,Cisplatin
Leustatin,Cladribine
Litak,Cladribine
Movectro,Cladribine
Biaxin,Clarithromycin
Clolar,Clofarabine
Evoltra,Clofarabine
Evorabin,Clofarabine
Ivozall,Clofarabine
Cotellic,Cobimetinib
Aliqopa,Copanlisib
Crizalk,Crizotinib
Crizocap,Crizotinib
Crizonix,Crizotinib
Xalkori,Crizotinib
Alkyloxan,Cyclophosphamide
Biodoxan,Cyclophosphamide
Carloxan,Cyclophosphamide
Ciclofosfamida,Cyclophosphamide
Ciclokebir,Cyclophosphamide
Cicloxal,Cyclophosphamide
Clafen,Cyclophosphamide
Claphene,Cyclophosphamide
Cyclam,Cyclophosphamide
CYCLO-cell,Cyclophosphamide
Cycloblastin,Cyclophosphamide
Cycloblastine,Cyclophosphamide
Cycloferon,Cyclophosphamide
Cyclomide,Cyclophosphamide
Cyclophar,Cyclophosphamide
Cyclophospham,Cyclophosphamide
Cyclophosphamid,Cyclophosphamide
Cyclophosphane,Cyclophosphamide
Cyclostin,Cyclophosphamide
Cyclostine,Cyclophosphamide
Cyclotox,Cyclophosphamide
Cycloxan,Cyclophosphamide
Cycram,Cyclophosphamide
Cydoxan,Cyclophosphamide
Cyklofosfamid,Cyclophosphamide
Cyphos,Cyclophosphamide
Cytophosphan,Cyclophosphamide
Cytoxan,Cyclophosphamide
Cytoxan Lyophilized,Cyclophosphamide
Endoxan,Cyclophosphamide
Endoxan-N,Cyclophosphamide
Endoxana,Cyclophosphamide
Enduxan,Cyclophosphamide
Formitex,Cyclophosphamide
Fosfaseron,Cyclophosphamide
Genoxal,Cyclophosphamide
Genuxal,Cyclophosphamide
Hidrofosmin,Cyclophosphamide
Ledoxan,Cyclophosphamide
Ledoxina,Cyclophosphamide
Mitoxan,Cyclophosphamide
Neophos,Cyclophosphamide
Neosar,Cyclophosphamide
Oncomide,Cyclophosphamide
Oncophos,Cyclophosphamide
Procytox,Cyclophosphamide
Revimmune,Cyclophosphamide
Sendoxan,Cyclophosphamide
Siklofos,Cyclophosphamide
Syklofosfamid,Cyclophosphamide
Tymtran,Cyclophosphamide
Zuviphos,Cyclophosphamide
Zycram,Cyclophosphamide
Zytoxan,Cyclophosphamide
Androcur,Cyproterone acetate
Alcysten,Cytarabine
Alexan,Cytarabine
ARA,Cytarabine
Arabine,Cytarabine
Arabitin,Cytarabine
Aracitin,Cytarabine
Aracytin,Cytarabine
Aracytine,Cytarabine
Citagenin,Cytarabine
Citaloxan,Cytarabine
Citarabin,Cytarabine
Citarabina,Cytarabine
Citarabins,Cytarabine
Citarax,Cytarabine
Cylocide,Cytarabine
Cytarabin,Cytarabine
Cytarabins,Cytarabine
Cytarabinum,Cytarabine
Cytarbel,Cytarabine
Cytarine,Cytarabine
Cytosar,Cytarabine
Cytosar-U,Cytarabine
Cytrosar,Cytarabine
Depocyt,Cytarabine
Depocyte,Cytarabine
Erbabin,Cytarabine
Erpalfa,Cytarabine
Fauldcita,Cytarabine
Groven,Cytarabine
Ifarab,Cytarabine
Iretin,Cytarabine
Laracit,Cytarabine
Medsara,Cytarabine
Novutrax,Cytarabine
Remcyta,Cytarabine
Starasid,Cytarabine
Tabin,Cytarabine
Tabine,Cytarabine
Udicil,Cytarabine
Vyxeos,Cytarabine and daunorubicin liposomal
Vyxeos liposomal,Cytarabine and daunorubicin liposomal
Rafinlar,Dabrafenib
Tafinlar,Dabrafenib
Bazipar,Dacarbazine
Cedcozine,Dacarbazine
Dacarba,Dacarbazine
Dacarex,Dacarbazine
Dacin,Dacarbazine
Dacmed,Dacarbazine
Darbazine,Dacarbazine
Dazine,Dacarbazine
Decarb,Dacarbazine
Oncodac,Dacarbazine
Zydac,Dacarbazine
Vizimpro,Dacomitinib
Cosmegen,Dactinomycin
Dacmozen,Dactinomycin
Lyovac,Dactinomycin
Danatrol,Danazol
Danocrine,Danazol
Danodiol,Danazol
Danogen,Danazol
Drane,Danazol
Ladogal,Danazol
Novaprin,Danazol
Darzalex,Daratumumab
HuMax-CD38,Daratumumab
Nubeqa,Darolutamide
Sprycel,Dasatinib
Cerubidin,Daunorubicin
Cerubidine,Daunorubicin
D-Blastin,Daunorubicin
Daunoblastin,Daunorubicin
Daunoblastina,Daunorubicin
Daunocin,Daunorubicin
Daunomicina,Daunorubicin
Daunorubicine,Daunorubicin
Daurocina,Daunorubicin
Maxidauno,Daunorubicin
Ondena,Daunorubicin
Rubidomycin,Daunorubicin
Rubilem,Daunorubicin
Rubomycin,Daunorubicin
Runabicon,Daunorubicin
DaunoXome,Daunorubicin liposomal
Dacogen,Decitabine
Decima,Decitabine
Decita,Decitabine
Decitafect,Decitabine
Decitas,Decitabine
Decitex,Decitabine
Natdecita,Decitabine
Firmagon,Degarelix
Ontak,Denileukin diftitox
Prolia,Denosumab
Xgeva,Denosumab
Aacidexam,Dexamethasone
Acetato DE Dexametasona,Dexamethasone
Acetazona,Dexamethasone
Acolon,Dexamethasone
Adrecort,Dexamethasone
Adrekon,Dexamethasone
Aeroseb-DEX,Dexamethasone
Afpred Forte-Dexa,Dexamethasone
AK-DEX,Dexamethasone
Aldron,Dexamethasone
Alfalyl,Dexamethasone
Alpermell,Dexamethasone
Amumetazon,Dexamethasone
Anemul,Dexamethasone
Aphtasolon,Dexamethasone
Apidex,Dexamethasone
Arcodexan,Dexamethasone
Auxiloson,Dexamethasone
Auxison,Dexamethasone
Auxisone,Dexamethasone
B Dexzol,Dexamethasone
Baycadron,Dexamethasone
Bexine,Dexamethasone
Beyonas Dexa,Dexamethasone
Bisuo DS,Dexamethasone
Brulin,Dexamethasone
Bucokon,Dexamethasone
Bufadexon,Dexamethasone
Butiol,Dexamethasone
Canalon,Dexamethasone
Carbidu,Dexamethasone
Carulon,Dexamethasone
Cebedex,Dexamethasone
Cellacort,Dexamethasone
Celudex,Dexamethasone
Cetadexon,Dexamethasone
Colircusi Dexametasona,Dexamethasone
Corodex,Dexamethasone
Corson,Dexamethasone
Corsona,Dexamethasone
Corsone,Dexamethasone
Corsum,Dexamethasone
Corticoidex,Dexamethasone
Cortidax,Dexamethasone
Cortidex,Dexamethasone
Cortidexason,Dexamethasone
Cortitop,Dexamethasone
Coyensu,Dexamethasone
D-Cort,Dexamethasone
Dacrosone,Dexamethasone
Daidoron,Dexamethasone
Dalalone,Dexamethasone
Danason,Dexamethasone
Danasone,Dexamethasone
Daxilone,Dexamethasone
Deca Forte,Dexamethasone
Decacin,Dexamethasone
Decaderm,Dexamethasone
Decadolone,Dexamethasone
Decadran,Dexamethasone
Decadron,Dexamethasone
Decadronal,Dexamethasone
Decadronfosfat,Dexamethasone
Decafos,Dexamethasone
Decalin,Dexamethasone
Decalon,Dexamethasone
Decalona,Dexamethasone
Decan,Dexamethasone
Decans,Dexamethasone
Decaron,Dexamethasone
Decason,Dexamethasone
Decasone,Dexamethasone
Decaspray,Dexamethasone
Decazol,Dexamethasone
Decdak,Dexamethasone
Decdan,Dexamethasone
Decicort,Dexamethasone
Decilone,Dexamethasone
Decobel,Dexamethasone
Decolite,Dexamethasone
Decone,Dexamethasone
Decordex,Dexamethasone
Decorex,Dexamethasone
Decoron,Dexamethasone
Decorten,Dexamethasone
Dectan,Dexamethasone
Dectancyl,Dexamethasone
Deexa,Dexamethasone
Deflaren,Dexamethasone
Dekesu,Dexamethasone
Dekisachosei,Dexamethasone
Dekort,Dexamethasone
Deksa,Dexamethasone
Deksalon,Dexamethasone
Deksamet,Dexamethasone
Dellamethasone,Dexamethasone
Deltafluorene,Dexamethasone
Demasone,Dexamethasone
Demeson,Dexamethasone
Dermadex,Dexamethasone
Dermidron,Dexamethasone
Deron S,Dexamethasone
Deronil,Dexamethasone
Derson,Dexamethasone
Dersone,Dexamethasone
Desalark,Dexamethasone
Desametasone Fosf,Dexamethasone
Desason,Dexamethasone
Deson,Dexamethasone
Detametazon,Dexamethasone
Detasone,Dexamethasone
Dethamedin,Dexamethasone
Dexa,Dexamethasone
Dexa Clinit,Dexamethasone
Dexabene,Dexamethasone
Dexabeta,Dexamethasone
Dexacen-4,Dexamethasone
Dexacilin,Dexamethasone
Dexacip,Dexamethasone
Dexacollyre,Dexamethasone
Dexacom,Dexamethasone
Dexacort,Dexamethasone
Dexacortal,Dexamethasone
Dexacortin,Dexamethasone
Dexacortisone,Dexamethasone
Dexacortisyl,Dexamethasone
Dexacotsil,Dexamethasone
Dexacron,Dexamethasone
Dexacutis,Dexamethasone
Dexaden,Dexamethasone
Dexaderm,Dexamethasone
Dexaderme,Dexamethasone
Dexadermil,Dexamethasone
Dexadon,Dexamethasone
Dexadrol,Dexamethasone
Dexadron,Dexamethasone
Dexaedo,Dexamethasone
Dexafar,Dexamethasone
Dexafarm,Dexamethasone
Dexaflam,Dexamethasone
Dexaflan,Dexamethasone
Dexagalen,Dexamethasone
Dexagee,Dexamethasone
Dexagel,Dexamethasone
Dexagenta,Dexamethasone
Dexaglos,Dexamethasone
Dexagreen,Dexamethasone
Dexagrin,Dexamethasone
Dexahexal,Dexamethasone
Dexaleniens,Dexamethasone
Dexalocal,Dexamethasone
Dexaltin,Dexamethasone
Dexam,Dexamethasone
Dexamag,Dexamethasone
Dexamark,Dexamethasone
Dexame,Dexamethasone
Dexamecortin,Dexamethasone
Dexamedis,Dexamethasone
Dexamedix,Dexamethasone
Dexamedron,Dexamethasone
Dexameral,Dexamethasone
Dexameson,Dexamethasone
Dexamesone,Dexamethasone
Dexamet,Dexamethasone
Dexametason,Dexamethasone
Dexametasona,Dexamethasone
Dexametax,Dexamethasone
Dexametazon,Dexamethasone
Dexametazona,Dexamethasone
Dexameth,Dexamethasone
Dexamethason,Dexamethasone
Dexamethasonum,Dexamethasone
Dexamethazon,Dexamethasone
Dexamethazone,Dexamethasone
Dexametin,Dexamethasone
Dexametisona,Dexamethasone
Dexametonal,Dexamethasone
Dexametrat,Dexamethasone
Dexamex,Dexamethasone
Dexamil,Dexamethasone
Dexamine,Dexamethasone
Dexaminor,Dexamethasone
Dexamo,Dexamethasone
Dexamonozon N,Dexamethasone
Dexan,Dexamethasone
Dexanel,Dexamethasone
Dexanil,Dexamethasone
Dexano,Dexamethasone
Dexaphos,Dexamethasone
Dexapolcort,Dexamethasone
Dexapro,Dexamethasone
Dexaril,Dexamethasone
Dexaroid,Dexamethasone
Dexaron,Dexamethasone
Dexart,Dexamethasone
Dexasin,Dexamethasone
Dexasine,Dexamethasone
Dexasol,Dexamethasone
Dexasolone,Dexamethasone
Dexason,Dexamethasone
Dexasone,Dexamethasone
Dexasonlin,Dexamethasone
Dexatab,Dexamethasone
Dexaton,Dexamethasone
Dexatop,Dexamethasone
Dexatotal,Dexamethasone
Dexaval,Dexamethasone
Dexaven,Dexamethasone
Dexavet,Dexamethasone
Dexawal,Dexamethasone
Dexawieb,Dexamethasone
Dexazen,Dexamethasone
Dexazona,Dexamethasone
Dexazone,Dexamethasone
Dexicorta,Dexamethasone
Dexin,Dexamethasone
Dexinga,Dexamethasone
Dexion,Dexamethasone
Dexmene,Dexamethasone
Dexmesone,Dexamethasone
Dexmetha,Dexamethasone
Dexmethasone,Dexamethasone
Dexmethsone,Dexamethasone
Dexona,Dexamethasone
Dexone,Dexamethasone
Dexonium,Dexamethasone
Dexoptic,Dexamethasone
Dexpak,Dexamethasone
Dexsol,Dexamethasone
Dexstar,Dexamethasone
Dextason,Dexamethasone
Dexthasol,Dexamethasone
Dexton,Dexamethasone
Dextrasone,Dexamethasone
Dicorsone,Dexamethasone
Dicosheun,Dexamethasone
Diometa,Dexamethasone
Dison,Dexamethasone
DM Solone,Dexamethasone
Donray,Dexamethasone
Dorison,Dexamethasone
Doronil,Dexamethasone
Drenex,Dexamethasone
Drxaline,Dexamethasone
Elixirmethasone,Dexamethasone
Epidexone,Dexamethasone
Epidrone,Dexamethasone
Erladexone,Dexamethasone
Ermethasone,Dexamethasone
ETA Cortilen,Dexamethasone
Etason,Dexamethasone
Euromethasone,Dexamethasone
Fada Dexametasona,Dexamethasone
Fadametasona,Dexamethasone
Faridexon,Dexamethasone
Fexadron,Dexamethasone
Fortecortin,Dexamethasone
Fosfato Dissodico Dexametasona,Dexamethasone
Gammacorten,Dexamethasone
Gemisona,Dexamethasone
Glymesason,Dexamethasone
Grathazon,Dexamethasone
Hexadecadrol,Dexamethasone
Hexadrol,Dexamethasone
HI-Methasone,Dexamethasone
Hopamethasone,Dexamethasone
Idizone,Dexamethasone
Indexon,Dexamethasone
Inthesa-5,Dexamethasone
Irzamethazone,Dexamethasone
Isodexam,Dexamethasone
Isopto,Dexamethasone
Kaarmepakkaus,Dexamethasone
Kalmethasone,Dexamethasone
Kanadex,Dexamethasone
Kodolo,Dexamethasone
Kosa,Dexamethasone
Kovintong,Dexamethasone
Lanadexon,Dexamethasone
Licoson,Dexamethasone
Limethason,Dexamethasone
Lipotalon,Dexamethasone
Lisoderme,Dexamethasone
Lodex,Dexamethasone
Lodexa,Dexamethasone
Lokalison-F,Dexamethasone
Lormine,Dexamethasone
Loverine,Dexamethasone
Lupidexa,Dexamethasone
Luxazone,Dexamethasone
Maradex,Dexamethasone
Maxidex,Dexamethasone
Mecoxon,Dexamethasone
Medesone,Dexamethasone
Medexasone,Dexamethasone
Mediamethasone,Dexamethasone
Medicort,Dexamethasone
Medidex,Dexamethasone
Megacort,Dexamethasone
Megadex,Dexamethasone
Mephameson,Dexamethasone
Mephamesona,Dexamethasone
Mephamesone,Dexamethasone
Mephamesone-4,Dexamethasone
Meradexon,Dexamethasone
Merideca,Dexamethasone
Mesadoron,Dexamethasone
Metalexina,Dexamethasone
Metasolon,Dexamethasone
Metax,Dexamethasone
Metaxon,Dexamethasone
Metcort,Dexamethasone
Methaderm,Dexamethasone
Methasone,Dexamethasone
Mexasone,Dexamethasone
Mexaton,Dexamethasone
Migradexan,Dexamethasone
Millicorten,Dexamethasone
Minidex,Dexamethasone
Mitasone,Dexamethasone
Molacort,Dexamethasone
Mycidex,Dexamethasone
Neodex,Dexamethasone
Neofordex,Dexamethasone
Nexadron,Dexamethasone
Nodevex,Dexamethasone
Nufadex M,Dexamethasone
Ocedran,Dexamethasone
Ocudex,Dexamethasone
Oftadek,Dexamethasone
Oftadex,Dexamethasone
Omedexon,Dexamethasone
Onadron,Dexamethasone
Ophth-DEX,Dexamethasone
Ophthasona,Dexamethasone
Opticort,Dexamethasone
Orazone,Dexamethasone
Ordex,Dexamethasone
Orgadrone,Dexamethasone
Penatone,Dexamethasone
Penodex,Dexamethasone
Phenodex,Dexamethasone
Pidexon,Dexamethasone
Plavex,Dexamethasone
Plidexa,Dexamethasone
Prodexon,Dexamethasone
Pyderma,Dexamethasone
Pyradexon,Dexamethasone
Rally-A,Dexamethasone
Randexa,Dexamethasone
Redexon,Dexamethasone
Rednisone,Dexamethasone
Reusan,Dexamethasone
Rocolone,Dexamethasone
Ronic,Dexamethasone
Roximeth,Dexamethasone
Rupedex,Dexamethasone
Santeson,Dexamethasone
Sawasone,Dexamethasone
Scandexon,Dexamethasone
Selftison,Dexamethasone
Shirodex,Dexamethasone
Shuayan,Dexamethasone
Solcort,Dexamethasone
Soldesam,Dexamethasone
Soldesanil,Dexamethasone
Soldex,Dexamethasone
Soludecadron,Dexamethasone
Solupen,Dexamethasone
Sonexa,Dexamethasone
SP Cordexa,Dexamethasone
Spersadex,Dexamethasone
Spondy-Dexa,Dexamethasone
Stedex,Dexamethasone
Steralol,Dexamethasone
Sterasone,Dexamethasone
Steron,Dexamethasone
Superprednol,Dexamethasone
Supertendin-Depot N,Dexamethasone
Suprason,Dexamethasone
Surodex,Dexamethasone
Sydencort,Dexamethasone
Syndexa,Dexamethasone
Tavesona,Dexamethasone
Teanlang,Dexamethasone
Teikason Nidek,Dexamethasone
Tekuron,Dexamethasone
Thilodex,Dexamethasone
Thilodexine,Dexamethasone
Totocortin,Dexamethasone
Tuttozem N,Dexamethasone
Ucalon,Dexamethasone
Udicort,Dexamethasone
Unidex,Dexamethasone
Unidexa,Dexamethasone
Unisone,Dexamethasone
Visualin,Dexamethasone
Visumetazone,Dexamethasone
Voalla,Dexamethasone
Windex,Dexamethasone
Wymesone,Dexamethasone
Xasone,Dexamethasone
Xine,Dexamethasone
Zalucs,Dexamethasone
Zecaxon,Dexamethasone
Zenos,Dexamethasone
ZoDex,Dexamethasone
Zydexa,Dexamethasone
Cardioxane,Dexrazoxane
Cyrdanax,Dexrazoxane
Savene,Dexrazoxane
Totect,Dexrazoxane
Zinecard,Dexrazoxane
Desplex,Diethylstilbestrol
Dibestrol,Diethylstilbestrol
Stibrol,Diethylstilbestrol
Stilbest,Diethylstilbestrol
Unituxin,Dinutuximab
Asodocel,Docetaxel
Daxotel,Docetaxel
Docefrez,Docetaxel
Docegem,Docetaxel
Doceglob,Docetaxel
Docemax,Docetaxel
Docenat,Docetaxel
Docepar,Docetaxel
Docetax,Docetaxel
Docetec,Docetaxel
Docetere,Docetaxel
DoceXan,Docetaxel
Docshil,Docetaxel
Dolectran,Docetaxel
Doxel,Docetaxel
Doxetal,Docetaxel
Hentaxel,Docetaxel
Neocel,Docetaxel
Oncodocel,Docetaxel
Plustaxano,Docetaxel
Sibatere,Docetaxel
Taceedo,Docetaxel
Taxe-RTU,Docetaxel
Taxespira,Docetaxel
Taxewell,Docetaxel
Taxotere,Docetaxel
Texot,Docetaxel
Trixotene,Docetaxel
Uvtere,Docetaxel
Didox,Doxifluridine
Adriablastina,Doxorubicin
Adriacept,Doxorubicin
Adriacin,Doxorubicin
Adriamycin,Doxorubicin
Adriamycine,Doxorubicin
Adriblastin,Doxorubicin
Adriblastina,Doxorubicin
Adriblastine,Doxorubicin
Adricept,Doxorubicin
Adricin,Doxorubicin
Adrim,Doxorubicin
Adrimedac,Doxorubicin
Adrosal,Doxorubicin
Antraciclin,Doxorubicin
Biorrub,Doxorubicin
Biorubina,Doxorubicin
Cadria,Doxorubicin
Carcinocin,Doxorubicin
Cloridrato DE,Doxorubicin
Deldoxin,Doxorubicin
Dicladox,Doxorubicin
Dobicin,Doxorubicin
Dobixin,Doxorubicin
Doxo,Doxorubicin
Doxo Cell,Doxorubicin
Doxobin,Doxorubicin
Doxocris,Doxorubicin
Doxokebir,Doxorubicin
Doxolem,Doxorubicin
Doxonolver,Doxorubicin
Doxor,Doxorubicin
Doxorrubicina,Doxorubicin
Doxorrubicina Colhidrol,Doxorubicin
Doxoruben,Doxorubicin
Doxorubicina,Doxorubicin
Doxorubicine,Doxorubicin
Doxorubicinum,Doxorubicin
Doxorubin,Doxorubicin
Doxotec,Doxorubicin
Doxtie,Doxorubicin
Duxocin,Doxorubicin
Evacet,Doxorubicin
Farmiblastina,Doxorubicin
Fauldoxo,Doxorubicin
Flavicina,Doxorubicin
Ifadox,Doxorubicin
Kemodoxa,Doxorubicin
Lyphidox,Doxorubicin
Nagun,Doxorubicin
Neoxane,Doxorubicin
Nuaze,Doxorubicin
Oncodria,Doxorubicin
Onkodox,Doxorubicin
Onkostatil,Doxorubicin
Pallagicin,Doxorubicin
Ranxas,Doxorubicin
Rastocin,Doxorubicin
Ribodoxo,Doxorubicin
Roxorin,Doxorubicin
Rubex,Doxorubicin
Varidoxo,Doxorubicin
Zodox,Doxorubicin
Imfinzi,Durvalumab
Avodart,Dutasteride
Copiktra,Duvelisib
Panorex,Edrecolomab
Empliciti,Elotuzumab
Idhifa,Enasidenib
Braftovi,Encorafenib
Rozlytrek,Entrectinib
Azel,Enzalutamide
Bdenza,Enzalutamide
Bnyx,Enzalutamide
Capmide,Enzalutamide
Enzamide,Enzalutamide
Glenza,Enzalutamide
Indenza,Enzalutamide
Xtandi,Enzalutamide
Alrubicin,Epirubicin
Anthracin,Epirubicin
Binarin,Epirubicin
Bioepicyna,Epirubicin
Crisabon,Epirubicin
E.P.R Elvetium,Epirubicin
Ellence,Epirubicin
Epidoxo,Epirubicin
Epifil,Epirubicin
Epilem,Epirubicin
Epirubicine,Epirubicin
Epizin,Epirubicin
Epricin,Epirubicin
Eracin,Epirubicin
Famorubicin,Epirubicin
Farmorubicin,Epirubicin
Farmorubicina,Epirubicin
Farmorubicine,Epirubicin
Pharmorubicin,Epirubicin
Riboepi,Epirubicin
Rubifarm,Epirubicin
Balversa,Erdafitinib
Brutravon,Eribulin
Ebunat,Eribulin
Epbriv,Eribulin
Halaven,Eribulin
Mitobulin,Eribulin
Rayldeima,Eribulin
Teceris,Eribulin
Erlocip,Erlotinib
Erlonat,Erlotinib
Melacyte,Erlotinib
Tarceva,Erlotinib
Emcyt,Estramustine
Estracit,Estramustine
Estram,Estramustine
Estramin,Estramustine
X-Trant,Estramustine
Aside,Etoposide
Beposid,Etoposide
Bioposide,Etoposide
Celltop,Etoposide
Citodox,Etoposide
Epocin,Etoposide
Eposid,Etoposide
Eposide,Etoposide
Eposido,Etoposide
Eposin,Etoposide
Epsidox,Etoposide
ETO,Etoposide
Etocris,Etoposide
Etomedac,Etoposide
Etonolver,Etoposide
Etopofos,Etoposide
Etopophos,Etoposide
Etopos,Etoposide
Etoposid,Etoposide
Etoposido,Etoposide
Etopoxan,Etoposide
Etopul,Etoposide
Etosid,Etoposide
Etosin,Etoposide
Eunades CS,Etoposide
Euvaxon,Etoposide
Exitop,Etoposide
Fytop,Etoposide
Fytosid,Etoposide
Labimion,Etoposide
Lastet,Etoposide
Lastet S,Etoposide
Neoplaxol,Etoposide
Nexvep,Etoposide
Onkoposid,Etoposide
Optasid,Etoposide
Percas,Etoposide
Posid,Etoposide
Posidon,Etoposide
Posyd,Etoposide
Riboposid,Etoposide
Sintopozid,Etoposide
Toposar,Etoposide
Toposide,Etoposide
Toposin,Etoposide
Topresid,Etoposide
Tosuben,Etoposide
Vepefos,Etoposide
Vepesid,Etoposide
Vepeside,Etoposide
Vepsid,Etoposide
Vepside,Etoposide
Advacan,Everolimus
Afinitor,Everolimus
Afinitor Disperz,Everolimus
Certican,Everolimus
Everecan,Everolimus
EverGraf,Everolimus
Evermil,Everolimus
Evertor,Everolimus
Rapact,Everolimus
Rolimus,Everolimus
Votubia,Everolimus
Zortress,Everolimus
Aromadex,Exemestane
Aromasin,Exemestane
Aromex,Exemestane
Xtane,Exemestane
FUDR,Floxuridine
Beneflur,Fludarabine
Fludabine,Fludarabine
Fludara,Fludarabine
Lymfuda,Fludarabine
Oforta,Fludarabine
Accusite,Fluorouracil
Actino Hermal,Fluorouracil
Adrucil,Fluorouracil
Arumel,Fluorouracil
Benton,Fluorouracil
Biofur,Fluorouracil
Carac,Fluorouracil
Carebin,Fluorouracil
Carzonal,Fluorouracil
Cinco-FU,Fluorouracil
Cinkef-U,Fluorouracil
Curacil,Fluorouracil
Effcil,Fluorouracil
Efudex,Fluorouracil
Efurix,Fluorouracil
Ezadex,Fluorouracil
Fauldfluor,Fluorouracil
Fivocil,Fluorouracil
Fivoflu,Fluorouracil
Flacule,Fluorouracil
Flonida,Fluorouracil
Florac,Fluorouracil
Fluhomer,Fluorouracil
Fluolex,Fluorouracil
Fluor-Uracil,Fluorouracil
Fluoro-Uracil ICN,Fluorouracil
Fluoro-Uracile ICN,Fluorouracil
Fluoroplex,Fluorouracil
Fluorouracile,Fluorouracil
Fluorouracilo,Fluorouracil
Fluorourcil,Fluorouracil
Fluoruracilo,Fluorouracil
Fluoxan,Fluorouracil
Flurablastin,Fluorouracil
Flurac,Fluorouracil
Fluracedyl,Fluorouracil
Fluracil,Fluorouracil
Fluril,Fluorouracil
Fluroblastin,Fluorouracil
Fluroblastine,Fluorouracil
Ftoruracil,Fluorouracil
Ftouracil,Fluorouracil
Haemato-FU,Fluorouracil
Ifacil,Fluorouracil
Kang Ning,Fluorouracil
Kecimeton Tatumi,Fluorouracil
Killit,Fluorouracil
Lunachol,Fluorouracil
Lunapon,Fluorouracil
Natira U,Fluorouracil
Neofluor,Fluorouracil
O Fluor,Fluorouracil
Oncofu,Fluorouracil
Onkofluor,Fluorouracil
Pentafu,Fluorouracil
Pharmauracil,Fluorouracil
Phthoruracil,Fluorouracil
Phtoruracil,Fluorouracil
Ribofluor,Fluorouracil
Rotianin,Fluorouracil
Satelol,Fluorouracil
Seco Uracil,Fluorouracil
Tecflu,Fluorouracil
Timadin,Fluorouracil
Triosules,Fluorouracil
Uflahex,Fluorouracil
Ulosagen,Fluorouracil
Ulup,Fluorouracil
Uraciflor,Fluorouracil
Utoral,Fluorouracil
Vaflu,Fluorouracil
Vafu,Fluorouracil
Halotestin,Fluoxymesterone
Ultandren,Fluoxymesterone
Cytomid,Flutamide
Euflex,Flutamide
Eulexin,Flutamide
Flutamid,Flutamide
Flutatec,Flutamide
Lutamide,Flutamide
Proscan,Flutamide
Tamid,Flutamide
Antrex,Folinic acid
Asovorin,Folinic acid
Biovorin,Folinic acid
Buateron,Folinic acid
Calc Leucovorn,Folinic acid
Calcifolin,Folinic acid
Calcium Folinato,Folinic acid
Calcium Folint,Folinic acid
Calcium Leucovorin,Folinic acid
Calcium Leucovorn,Folinic acid
Calciumfolin,Folinic acid
Calciumfolinat,Folinic acid
Calcivoran,Folinic acid
Calfolex,Folinic acid
Calfolin,Folinic acid
Calinat,Folinic acid
Cehafolin,Folinic acid
Citofolin,Folinic acid
Claro,Folinic acid
Cromatonbic Folinico,Folinic acid
Dalisol,Folinic acid
Degalin,Folinic acid
Divifolin,Folinic acid
Durofolin,Folinic acid
Ecofol,Folinic acid
Elvefocal,Folinic acid
Emovis,Folinic acid
Erbanfol,Folinic acid
Estroquin,Folinic acid
Fastovorin,Folinic acid
Fauldleuco,Folinic acid
Fayining,Folinic acid
Fedolen,Folinic acid
Ferbon,Folinic acid
Folaren,Folinic acid
Folaxin,Folinic acid
Foli Cell,Folinic acid
Foliben,Folinic acid
Folidan,Folinic acid
Folidar,Folinic acid
Foliment,Folinic acid
Folinac,Folinic acid
Folinato,Folinic acid
Folinfabra,Folinic acid
Folinoral,Folinic acid
Folinoxan,Folinic acid
Folinvit,Folinic acid
Foliplus,Folinic acid
Folmigor,Folinic acid
Ifavor,Folinic acid
Isovorin,Folinic acid
Kalciumfolinat Perivita,Folinic acid
Kalsiumfolinat,Folinic acid
Kunyrin,Folinic acid
Lederfolat,Folinic acid
Lederfolin,Folinic acid
Lederfoline,Folinic acid
Ledervorin,Folinic acid
Legifol,Folinic acid
Leucocalcin,Folinic acid
Leuconolver,Folinic acid
Leucosar,Folinic acid
Leucovorin,Folinic acid
Leucovorina,Folinic acid
Leucovorine,Folinic acid
Leukovorin,Folinic acid
Lovorin,Folinic acid
Medicofolin,Folinic acid
Medifolin,Folinic acid
Medsavorina,Folinic acid
Neofolin,Folinic acid
Nyrin,Folinic acid
O Folin,Folinic acid
Osfolate,Folinic acid
Osfolato,Folinic acid
Perfolate,Folinic acid
Prefolic,Folinic acid
Prevax,Folinic acid
Recovorin,Folinic acid
Reotan,Folinic acid
Rescuvolin,Folinic acid
Resfolin,Folinic acid
Ribofolin,Folinic acid
Rontafor,Folinic acid
Sanifolin,Folinic acid
Tecnovorin,Folinic acid
Tonofolin,Folinic acid
Veravorin,Folinic acid
Vorina,Folinic acid
Wellcovorin,Folinic acid
Zyofolin,Folinic acid
Zytofolin,Folinic acid
Lentaron,Formestane
Fodosine,Forodesine
Mundesine,Forodesine
Tavalisse,Fostamatinib
Tavlesse,Fostamatinib
Muphoran,Fotemustine
Mustophoran,Fotemustine
Faslodex,Fulvestrant
Fasnorm,Fulvestrant
Fulvenat,Fulvestrant
Fulvidax,Fulvestrant
Fuvestrol,Fulvestrant
Cangib,Gefitinib
Denrit,Gefitinib
Geffy,Gefitinib
Gefitec,Gefitinib
Gefitero,Gefitinib
Gefonib,Gefitinib
Geftib,Gefitinib
Geftican,Gefitinib
Gefticip,Gefitinib
Geftilon,Gefitinib
Geftinat,Gefitinib
Geftiwel,Gefitinib
Iressa,Gefitinib
KabiGef,Gefitinib
Gemcite,Gemcitabine
Gemzar,Gemcitabine
Infugem,Gemcitabine
Mylotarg,Gemtuzumab ozogamicin
Xospata,Gilteritinib
Daurismo,Glasdegib
Novgos,Goserelin
Zoladex,Goserelin
Supprelin,Histrelin
Vantas,Histrelin
Cortef,Hydrocortisone
Biosupressin,Hydroxyurea
Cytodrox,Hydroxyurea
Droxia,Hydroxyurea
Droxiurea,Hydroxyurea
Durea,Hydroxyurea
Hidrea,Hydroxyurea
Hondrea,Hydroxyurea
Hydab,Hydroxyurea
Hydrea,Hydroxyurea
Hydrine,Hydroxyurea
Hydrourea,Hydroxyurea
Hytas,Hydroxyurea
Litalir,Hydroxyurea
Myelostat,Hydroxyurea
Mylocel,Hydroxyurea
Neodrea,Hydroxyurea
Onco Carbide,Hydroxyurea
Siklos,Hydroxyurea
Syrea,Hydroxyurea
Ureax,Hydroxyurea
Xromi,Hydroxyurea
Zevalin,Ibritumomab tiuxetan
Ibrunib,Ibrutinib
Ibrutix,Ibrutinib
Imbruvica,Ibrutinib
Lucibru,Ibrutinib
Conmana,Icotinib
Idamycin,Idarubicin
Idaru,Idarubicin
Ondarubin,Idarubicin
Zavedos,Idarubicin
Zavedose,Idarubicin
Zydelig,Idelalisib
Alquimid,Ifosfamide
Duvaxan,Ifosfamide
Fentul,Ifosfamide
Fosfidex,Ifosfamide
Haloxan,Ifosfamide
Holoxan,Ifosfamide
Holoxane,Ifosfamide
Ifex,Ifosfamide
IFO Cell,Ifosfamide
Ifocris,Ifosfamide
Ifolem,Ifosfamide
Ifomida,Ifosfamide
Ifomide,Ifosfamide
Ifos,Ifosfamide
Ifosfamida,Ifosfamide
Ifoxan,Ifosfamide
IFX,Ifosfamide
Ipamide,Ifosfamide
Isophosphamide,Ifosfamide
Isoxan,Ifosfamide
Macdafen,Ifosfamide
Mitoxana,Ifosfamide
Tronoxal,Ifosfamide
Enliven,Imatinib
Gleevac,Imatinib
Gleevec,Imatinib
Glivec,Imatinib
Imalek,Imatinib
Imatib,Imatinib
Temsan,Imatinib
Veenat,Imatinib
Truseltiq,Infigratinib
Besponsa,Inotuzumab ozogamicin
Laroferon,Interferon alfa-2a
Roferon-A,Interferon alfa-2a
Advaferon,Interferon alfa-2b
Alfaferone,Interferon alfa-2b
Biogamma,Interferon alfa-2b
Canferon A,Interferon alfa-2b
Cytoferon,Interferon alfa-2b
Egiferon,Interferon alfa-2b
Feron,Interferon alfa-2b
Fiblaferon,Interferon alfa-2b
Finnferon-Alpha,Interferon alfa-2b
Frone,Interferon alfa-2b
Heberon Alfa R,Interferon alfa-2b
Humoferon,Interferon alfa-2b
IFN Alpha,Interferon alfa-2b
Imufor,Interferon alfa-2b
Imukin,Interferon alfa-2b
INF,Interferon alfa-2b
Inferax,Interferon alfa-2b
Infergen,Interferon alfa-2b
Inmutag,Interferon alfa-2b
Interfero,Interferon alfa-2b
Interferon Alfanative,Interferon alfa-2b
Interferon Human,Interferon alfa-2b
Interferon Leucocyticum,Interferon alfa-2b
Interferon Lymphoblastoid,Interferon alfa-2b
Interferonum Leucocyticum,Interferon alfa-2b
Intron-A,Interferon alfa-2b
IntronA,Interferon alfa-2b
Multiferon,Interferon alfa-2b
Namalvin,Interferon alfa-2b
OIF,Interferon alfa-2b
Polyferon,Interferon alfa-2b
Realdiron,Interferon alfa-2b
Roceron-A,Interferon alfa-2b
Sumiferon,Interferon alfa-2b
Actimmune,Interferon gamma-1b
Yervoy,Ipilimumab
Axinotecan,Irinotecan
Biotecan,Irinotecan
Biskam,Irinotecan
Campostar,Irinotecan
Campto,Irinotecan
Camptosar,Irinotecan
Elinatecan,Irinotecan
Faultenocan,Irinotecan
Irenax,Irinotecan
Irinogen,Irinotecan
Irinomedac,Irinotecan
Irinotel,Irinotecan
Irinotesin,Irinotecan
Irnocam,Irinotecan
Itoxaril,Irinotecan
Linatecan,Irinotecan
Satigene,Irinotecan
Tecnotecan,Irinotecan
Tekamen,Irinotecan
Toptecin,Irinotecan
Trinotecan,Irinotecan
Winol,Irinotecan
Onivyde,Irinotecan liposome
Onivyde pegylated liposomal,Irinotecan liposome
Sarclisa,Isatuximab
Absorica,Isotretinoin
Accure,Isotretinoin
Accutane,Isotretinoin
Amnesteem,Isotretinoin
Cistane,Isotretinoin
Claravis,Isotretinoin
Isotrex,Isotretinoin
Isotrexin,Isotretinoin
Myorisan,Isotretinoin
Oratane,Isotretinoin
Roaccutan,Isotretinoin
Roaccutane,Isotretinoin
Roacutan,Isotretinoin
Sotret,Isotretinoin
Zenatane,Isotretinoin
Tibsovo,Ivosidenib
Ixempra,Ixabepilone
Ninlaro,Ixazomib
Nizoral,Ketoconazole
Ipstyl,Lanreotide
Lanreotide Autogel,Lanreotide
Somatuline,Lanreotide
Somatuline Autogel,Lanreotide
Somatuline Depot,Lanreotide
Somatuline LA,Lanreotide
Somatuline LP,Lanreotide
Somatuline PR,Lanreotide
Prevacid,Lansoprazole
Abnib,Lapatinib
Combinib,Lapatinib
Etibo,Lapatinib
Herduo,Lapatinib
Herlapsa,Lapatinib
Hertab,Lapatinib
Lapanix,Lapatinib
Lapatem,Lapatinib
Tykerb,Lapatinib
Tyverb,Lapatinib
Vitrakvi,Larotrectinib
Adlinod,Lenalidomide
Immunomide,Lenalidomide
Kabillon,Lenalidomide
Lenalid,Lenalidomide
Lenalidomid,Lenalidomide
Lenangio,Lenalidomide
Lenmid,Lenalidomide
Lenome,Lenalidomide
Lenomust,Lenalidomide
Lenzest,Lenalidomide
Lidmed,Lenalidomide
Linamide,Lenalidomide
Lynide,Lenalidomide
MyeloSar,Lenalidomide
Revlimid,Lenalidomide
Granocyte,Lenograstim
Neutrogin,Lenograstim
Kisplyx,Lenvatinib
Lenvima,Lenvatinib
Femara,Letrozole
Fempro,Letrozole
Gynotril,Letrozole
Latrotal,Letrozole
Lerozol,Letrozole
Letoval,Letrozole
Letpro,Letrozole
Letromina,Letrozole
Letroplex,Letrozole
Letroz,Letrozole
Letrozol,Letrozole
Lexel,Letrozole
Lezole,Letrozole
Camcevi,Leuprolide
Carcinil,Leuprolide
Depo-Eligard,Leuprolide
Eligard,Leuprolide
Enanton,Leuprolide
Enantone,Leuprolide
Enantone-Gyn,Leuprolide
Ginecrin,Leuprolide
Leuplin,Leuprolide
Leupromer,Leuprolide
Leuprorelin,Leuprolide
Leuren,Leuprolide
Lorelin Depot,Leuprolide
Lucrin,Leuprolide
Lucrin Depot,Leuprolide
Lupard Depot,Leuprolide
Lupoide Depot,Leuprolide
Lupride Depot,Leuprolide
Luprodex Depot,Leuprolide
Lupron,Leuprolide
Lupron Depot,Leuprolide
Procren,Leuprolide
Procrin,Leuprolide
Prostap,Leuprolide
Trenantone,Leuprolide
Uno-Enantone,Leuprolide
Valeuprox,Leuprolide
Viadur,Leuprolide
Ergamisol,Levamisole
Fusilev,Levoleucovorin
CeeNu,Lomustine
Gleostine,Lomustine
Lorbrena,Lorlatinib
Lorviqua,Lorlatinib
Lutathera,Lutetium Lu 177 dotatate
Minjuvi,Tafasitamab
Monjuvi,Tafasitamab
Ledaga,Mechlorethamine
Mustargen,Mechlorethamine
Mustine,Mechlorethamine
Depo-Provera,Medroxyprogesterone
Provera,Medroxyprogesterone
Maygace,Megestrol
Megace,Megestrol
Megestat,Megestrol
Megestil,Megestrol
Niagestin,Megestrol
Ovaban,Megestrol
Pallace,Megestrol
Alkeran,Melphalan
Alkerana,Melphalan
Evomela,Melphalan
Levofolan,Melphalan
Melfalan,Melphalan
Phelinun,Melphalan
Purinethol,Mercaptopurine
Purixan (oral suspension formulation),Mercaptopurine
Anti Uron,Mesna
Mesa,Mesna
Mesnex,Mesna
Mesnil,Mesna
Mestian,Mesna
Mistabron,Mesna
Mistabronco,Mesna
Mitexan,Mesna
Mucolene,Mesna
Neper,Mesna
Novacarel,Mesna
Siruta,Mesna
Uromes,Mesna
Uromitexan,Mesna
Uroprot,Mesna
Varimesna,Mesna
Abitrexate,Methotrexate
Alltrex,Methotrexate
Antifolan,Methotrexate
Artrait,Methotrexate
Biometrox,Methotrexate
Biotrexate,Methotrexate
Caditrex,Methotrexate
Cytotrexate,Methotrexate
Ebetrexat,Methotrexate
Emthexat,Methotrexate
Emthexate,Methotrexate
Ervemin,Methotrexate
Farmitrexat,Methotrexate
Fauldmetro,Methotrexate
Folex PFS,Methotrexate
Folitrax,Methotrexate
Hextrate,Methotrexate
Ifamet,Methotrexate
Imutrex,Methotrexate
Jylamvo,Methotrexate
Ledertrexate,Methotrexate
Ledertrexato,Methotrexate
Lumexon,Methotrexate
Matrex,Methotrexate
Maxtrex,Methotrexate
Medsatrexate,Methotrexate
Merex,Methotrexate
Metex,Methotrexate
Methobax,Methotrexate
Methoblastin,Methotrexate
Methorex,Methotrexate
Methotrexaat,Methotrexate
Methotrexat,Methotrexate
Methotrexato,Methotrexate
Methotrexatum,Methotrexate
Meticil,Methotrexate
Metolate,Methotrexate
Metotressato,Methotrexate
Metotrexate,Methotrexate
Metotrexato,Methotrexate
Metotrexol,Methotrexate
Metrex,Methotrexate
Metrexan,Methotrexate
Metrexato,Methotrexate
Metrotex,Methotrexate
Mexate,Methotrexate
Miantrex CS,Methotrexate
Neometho,Methotrexate
Neotrexate,Methotrexate
Nordimet,Methotrexate
Novatrex,Methotrexate
O Trexat,Methotrexate
Oncotrex,Methotrexate
Pharmatrexate,Methotrexate
Remtrex,Methotrexate
Reumatrex,Methotrexate
Rextop,Methotrexate
Rheumatrex,Methotrexate
Tecnomet,Methotrexate
Texate,Methotrexate
Texorate,Methotrexate
Tratoben,Methotrexate
Tremetex,Methotrexate
Trexall,Methotrexate
Trexan,Methotrexate
Trexeron,Methotrexate
Trixilem,Methotrexate
Unitrexate,Methotrexate
Zexate,Methotrexate
Ammoidin,Methoxsalen
Deltasoralen,Methoxsalen
Dermox,Methoxsalen
Geralen,Methoxsalen
Geroxalen,Methoxsalen
Meladinina,Methoxsalen
Meladinine,Methoxsalen
Metoxaleno,Methoxsalen
Mopsoralen,Methoxsalen
Oxsoralen,Methoxsalen
Oxsoralen-Ultra,Methoxsalen
Puvasoralen,Methoxsalen
Ultramop,Methoxsalen
Uvadex,Methoxsalen
Xanthotoxin,Methoxsalen
Adlone,Methylprednisolone
Advantan,Methylprednisolone
Adventan,Methylprednisolone
Alergolon,Methylprednisolone
Amethapred,Methylprednisolone
Asmacortone,Methylprednisolone
Avancort,Methylprednisolone
Belon,Methylprednisolone
Cortesa,Methylprednisolone
Cortisolona,Methylprednisolone
Decacort,Methylprednisolone
Depmedalone,Methylprednisolone
Depo Melcort,Methylprednisolone
Depo Moderin,Methylprednisolone
Depo-Medrate,Methylprednisolone
Depo-Medrol,Methylprednisolone
Depoject,Methylprednisolone
Depomedrone,Methylprednisolone
Deposet,Methylprednisolone
Dispred,Methylprednisolone
Duralone,Methylprednisolone
Epizolone,Methylprednisolone
Excelin,Methylprednisolone
Hexilon,Methylprednisolone
Indrol,Methylprednisolone
Intidrol,Methylprednisolone
Ivepred,Methylprednisolone
Lameson,Methylprednisolone
Lemod,Methylprednisolone
Lesol,Methylprednisolone
Lexcomet,Methylprednisolone
Lexxema,Methylprednisolone
M-Prednihexal,Methylprednisolone
Medason,Methylprednisolone
Medirona,Methylprednisolone
Medisolu,Methylprednisolone
Medixon,Methylprednisolone
Medlin,Methylprednisolone
Medlone,Methylprednisolone
Mednin,Methylprednisolone
Medralone,Methylprednisolone
Medrate,Methylprednisolone
Medrol,Methylprednisolone
Medrone,Methylprednisolone
Melon,Methylprednisolone
Melone,Methylprednisolone
Menisolon,Methylprednisolone
Menisone,Methylprednisolone
Mepredron,Methylprednisolone
Meprolone Unipak,Methylprednisolone
Meproson,Methylprednisolone
Mepsolone,Methylprednisolone
Mepson,Methylprednisolone
Mesolone,Methylprednisolone
Mesurin,Methylprednisolone
Methapred,Methylprednisolone
Methisol,Methylprednisolone
Methybon,Methylprednisolone
Methylon,Methylprednisolone
Methylone,Methylprednisolone
Methylprednis,Methylprednisolone
Methylprednisolon,Methylprednisolone
Methylprednisolonum,Methylprednisolone
Methyran,Methylprednisolone
Meticort,Methylprednisolone
Metidrol,Methylprednisolone
Metilbetasone,Methylprednisolone
Metilprednisolona,Methylprednisolone
Metilprednizolon-H,Methylprednisolone
Metipred,Methylprednisolone
Metisone,Methylprednisolone
Metycortin,Methylprednisolone
Metypred,Methylprednisolone
Metypresol,Methylprednisolone
Metysolon,Methylprednisolone
NEO-Drol,Methylprednisolone
Nirypan,Methylprednisolone
Phadilon,Methylprednisolone
Predisol,Methylprednisolone
Predmetil,Methylprednisolone
Predni M,Methylprednisolone
Predni-M-Tablinen,Methylprednisolone
Prednilem,Methylprednisolone
Prednol,Methylprednisolone
Prednol L,Methylprednisolone
Prednovare,Methylprednisolone
Prednox,Methylprednisolone
Pretilon,Methylprednisolone
Pridol,Methylprednisolone
Promedrol,Methylprednisolone
Radilem,Methylprednisolone
Rumaxoi,Methylprednisolone
Salon H9C,Methylprednisolone
Sanexon,Methylprednisolone
SOL-Melcort,Methylprednisolone
Solocort-ACT,Methylprednisolone
Solomet,Methylprednisolone
Solu Moderin,Methylprednisolone
Solumedrol,Methylprednisolone
Somelon,Methylprednisolone
Somerol,Methylprednisolone
Stenirol,Methylprednisolone
Succimed,Methylprednisolone
Supresol,Methylprednisolone
Thimelon,Methylprednisolone
Tropidrol,Methylprednisolone
Unimedrol,Methylprednisolone
Urbason,Methylprednisolone
Vanderm,Methylprednisolone
Yumerole,Methylprednisolone
Rydapt,Midostaurin
Tauritmo,Midostaurin
Lyomit,Mitomycin
Mitocin,Mitomycin
Mitocyte,Mitomycin
Mitosol,Mitomycin
Mitozytrex,Mitomycin
Mutamycin,Mitomycin
Lysodren,Mitotane
Nitrol,Mitoxantrone
Novantron,Mitoxantrone
Novantrone,Mitoxantrone
Poteligeo,Mogamulizumab
Lumoxiti,Moxetumomab pasudotox
Fraxiparine,Nadroparin
Fraxodi,Nadroparin
Portrazza,Necitumumab
Aqupla,Nedaplatin
Jiebaishu,Nedaplatin
Arranon,Nelarabine
Atriance,Nelarabine
Nerlynx,Neratinib
Tasigna,Nilotinib
Anandron,Nilutamide
Nilandron,Nilutamide
Zandron,Nilutamide
Nidran,Nimustine
Cyendiv,Nintedanib
Idofnib,Nintedanib
Nifev,Nintedanib
Nindanib,Nintedanib
Nintena,Nintedanib
Nintenib,Nintedanib
Nintib,Nintedanib
Ofev,Nintedanib
Vargatef,Nintedanib
Niranib,Niraparib
Zejula,Niraparib
Opdivo,Nivolumab
Myocet,Non-pegylated liposomal doxorubicin
Nilevar,Norethandrolone
Gazyva,Obinutuzumab
Gazyvaro,Obinutuzumab
Longastatina,Octreotide
Octrestatin,Octreotide
Octride,Octreotide
Okeron,Octreotide
Proclose,Octreotide
Samilstin,Octreotide
Sandostatin,Octreotide
Sandostatina,Octreotide
Sandostatine,Octreotide
Longastatina LAR,Octreotide LAR
Sandostatin LAR,Octreotide LAR
Sandostatin LAR Depot,Octreotide LAR
Sandostatina LAR,Octreotide LAR
Sandostatine LAR,Octreotide LAR
Arzerra,Ofatumumab
Kesimpta,Ofatumumab
Lynparza,Olaparib
Olanib,Olaparib
Olaparix,Olaparib
Lartruvo,Olaratumab
Omapro,Omacetaxine
Synribo,Omacetaxine
Prilosec,Omeprazole
Osimert,Osimertinib
Tagrisso,Osimertinib
Tagrix,Osimertinib
Coxatin,Oxaliplatin
Curaplat,Oxaliplatin
Cure-X,Oxaliplatin
Dacotin,Oxaliplatin
Dacplat,Oxaliplatin
Eloplat,Oxaliplatin
Eloxatin,Oxaliplatin
Eloxatine,Oxaliplatin
Oplatin,Oxaliplatin
OxaLitin,Oxaliplatin
Oxiplat,Oxaliplatin
Oxitan,Oxaliplatin
Oxzucia,Oxaliplatin
Sibatin,Oxaliplatin
X-Plat,Oxaliplatin
Xaloplat,Oxaliplatin
Xylotin,Oxaliplatin
Zildox,Oxaliplatin
Abraxane,Paclitaxel nanoparticle albumin-bound
Abitaxel,Paclitaxel
Altaxel,Paclitaxel
Anzatax,Paclitaxel
Anzatec,Paclitaxel
Apealea,Paclitaxel
Asotax,Paclitaxel
Betaxel,Paclitaxel
Bristaxol,Paclitaxel
Britaxol,Paclitaxel
Clitaxel,Paclitaxel
Cytax,Paclitaxel
Daburex,Paclitaxel
Dalys,Paclitaxel
Drifen,Paclitaxel
Ebetaxel,Paclitaxel
Formoxol,Paclitaxel
Genetaxyl,Paclitaxel
Genexol,Paclitaxel
Gros,Paclitaxel
Ifaxol,Paclitaxel
Intaxel,Paclitaxel
Magytax,Paclitaxel
Medixel,Paclitaxel
Mitotax,Paclitaxel
Neotacs,Paclitaxel
Neotaxan,Paclitaxel
Neotaxl,Paclitaxel
Ofoxel,Paclitaxel
Oncotaxel,Paclitaxel
Onxol,Paclitaxel
Paclitax,Paclitaxel
Paclitaxin,Paclitaxel
Pacliteva,Paclitaxel
Pacxel,Paclitaxel
Padexol,Paclitaxel
Paklitaxfil,Paclitaxel
Panataxel,Paclitaxel
Parexel,Paclitaxel
Paxene,Paclitaxel
Paxenor,Paclitaxel
Paxus,Paclitaxel
Pazenir,Paclitaxel
Petaxel,Paclitaxel
Phyxol,Paclitaxel
Poltaxel,Paclitaxel
Praxel,Paclitaxel
Ribotax,Paclitaxel
Sindaxel,Paclitaxel
Taclipaxol,Paclitaxel
Tarvexol,Paclitaxel
Taxocris,Paclitaxel
Taxodiol,Paclitaxel
Taxol,Paclitaxel
Taxomedac,Paclitaxel
Taycovit,Paclitaxel
Unitaxel,Paclitaxel
Yewtaxan,Paclitaxel
Vonjo,Pacritinib
Ibrance,Palbociclib
Lucipalb,Palbociclib
Palbace,Palbociclib
Palbocap,Palbociclib
Palbocent,Palbociclib
Palbonix,Palbociclib
Vectibix,Panitumumab
Faridak,Panobinostat
Farydak,Panobinostat
Pazopater,Pazopanib
Votrient,Pazopanib
Oncaspar,Pegaspargase
Pegasys,Peginterferon alfa-2a
PEG-Intron,Peginterferon alfa-2b
PegIntron,Peginterferon alfa-2b
Sylatron,Peginterferon alfa-2b
ViraferonPeg,Peginterferon alfa-2b
Caelyx,Pegylated liposomal doxorubicin
Celdoxome,Pegylated liposomal doxorubicin
Doxil,Pegylated liposomal doxorubicin
Doxosome,Pegylated liposomal doxorubicin
Doxulip,Pegylated liposomal doxorubicin
i-dox,Pegylated liposomal doxorubicin
Lipodox,Pegylated liposomal doxorubicin
Lippod,Pegylated liposomal doxorubicin
Natdox,Pegylated liposomal doxorubicin
Peg-Doxorub,Pegylated liposomal doxorubicin
Pegadria,Pegylated liposomal doxorubicin
Pegdoxine,Pegylated liposomal doxorubicin
Peglidox,Pegylated liposomal doxorubicin
Zolsketil,Pegylated liposomal doxorubicin
Keytruda,Pembrolizumab
Alimta,Pemetrexed
Antifol,Pemetrexed
Armisarte,Pemetrexed
Ciambra,Pemetrexed
Kabipem,Pemetrexed
Pemcure,Pemetrexed
Pemetero,Pemetrexed
Pemetra,Pemetrexed
Pemetrex,Pemetrexed
Pemex,Pemetrexed
Pemfexy,Pemetrexed
Pemgem,Pemetrexed
Pemibenz,Pemetrexed
Pemnat,Pemetrexed
Pexotra,Pemetrexed
Nipent,Pentostatin
Omnitarg,Pertuzumab
Perjeta,Pertuzumab
Pinorubicin,Pirarubicin
Pinorubin,Pirarubicin
Therarubicin,Pirarubicin
Pixuvri,Pixantrone
Mithracin,Plicamycin
Actimid,Pomalidomide
Ibipolid,Pomalidomide
Imnovid,Pomalidomide
Pomalid,Pomalidomide
Pomalyst,Pomalidomide
Iclusig,Ponatinib
Folotyn,Pralatrexate
Pravachol,Pravastatin
Adnisolone,Prednisolone
Aprednislon,Prednisolone
Capsoid,Prednisolone
Cortalone,Prednisolone
Cortisolone,Prednisolone
Cotolone,Prednisolone
Dacortin H,Prednisolone
Decaprednil,Prednisolone
Decortin H,Prednisolone
Delta-Cortef,Prednisolone
Delta-Diona,Prednisolone
Delta-Phoricol,Prednisolone
Deltacortril,Prednisolone
Deltasolone,Prednisolone
Deltidrosol,Prednisolone
Dhasolone,Prednisolone
Di-Adreson-F,Prednisolone
Dontisolon D,Prednisolone
Estilsona,Prednisolone
Fisopred,Prednisolone
Frisolona,Prednisolone
Gupisone,Prednisolone
Hostacortin H,Prednisolone
Hydeltra,Prednisolone
Hydeltrasol,Prednisolone
Klismacort,Prednisolone
Kuhlprednon,Prednisolone
Lenisolone,Prednisolone
Lepi-Cortinolo,Prednisolone
Linola-H N,Prednisolone
Linola-H-Fett N,Prednisolone
Longiprednil,Prednisolone
Medicort,Prednisolone
Meti-derm,Prednisolone
Meticortelone,Prednisolone
Millipred,Prednisolone
Opredsone,Prednisolone
Orapred,Prednisolone
Panafcortelone,Prednisolone
Precortisyl,Prednisolone
Pred-Clysma,Prednisolone
Predcor,Prednisolone
Predeltilone,Prednisolone
Predicort,Prednisolone
Predni-Coelin,Prednisolone
Predni-Helvacort,Prednisolone
Prednicortelone,Prednisolone
Prelone,Prednisolone
Prenilone,Prednisolone
Pri-Cortin,Prednisolone
Veripred,Prednisolone
Artinizona,Prednisone
Artrizona,Prednisone
Becortem,Prednisone
Bersen,Prednisone
Colisone,Prednisone
Cortancyl,Prednisone
Corticorten,Prednisone
Cortigen,Prednisone
Cortiol,Prednisone
Cortiprex,Prednisone
Cutason,Prednisone
Dacortin,Prednisone
Decortancyl,Prednisone
Decortin,Prednisone
Decortisyl,Prednisone
Dehydrocortison,Prednisone
Delcortin,Prednisone
Dellacorta,Prednisone
Delta Cortelan,Prednisone
Delta-Cortisone,Prednisone
Deltacortene,Prednisone
Deltacortone,Prednisone
Deltason,Prednisone
Deltasone,Prednisone
Deltisona,Prednisone
Dispersona,Prednisone
Drazone,Prednisone
Econosone,Prednisone
Ednaprom,Prednisone
Encorton,Prednisone
Erlanison,Prednisone
Flamacorten,Prednisone
Hostacortin,Prednisone
Ifison,Prednisone
Isolone,Prednisone
Lisacort,Prednisone
ME Korti,Prednisone
Meticorten,Prednisone
Nisocortec,Prednisone
Nisona,Prednisone
Nisone,Prednisone
Nizon,Prednisone
Nosipren,Prednisone
Novoprednisone,Prednisone
Orasone,Prednisone
Panafcort,Prednisone
Panasol-S,Prednisone
Pehacort,Prednisone
Pharmapred,Prednisone
Precortil,Prednisone
Predcort,Prednisone
Predeltin,Prednisone
Predicor,Prednisone
Predicorten,Prednisone
Predinis,Prednisone
Preditec,Prednisone
Prednax,Prednisone
Prednicap,Prednisone
Prednicen-M,Prednisone
Prednilonga-Retard,Prednisone
Predniment,Prednisone
Prednison,Prednisone
Prednisona,Prednisone
Prednisonum,Prednisone
Prednitone,Prednisone
Predson,Prednisone
Predsone,Prednisone
Predval,Prednisone
Procion,Prednisone
Prolix,Prednisone
Pronison,Prednisone
Pulmison,Prednisone
Rayos,Prednisone
Rectodelt,Prednisone
Senterlic,Prednisone
Sone,Prednisone
Steerometz,Prednisone
Sterapred,Prednisone
Trolic,Prednisone
Ultracorten,Prednisone
Vitazon,Prednisone
Winpred,Prednisone
Indicarb,Procarbazine
Matulane,Procarbazine
Natulan,Procarbazine
Natulanar,Procarbazine
P-Carbazine,Procarbazine
P-Carzine,Procarbazine
Qualaquin,Quinine
Vanflyta,Quizartinib
Supect,Radotinib
Tomudex,Raltitrexed
Cyramza,Ramucirumab
Cymer,Ranimustine
Cymerin,Ranimustine
Nublexa,Regorafenib
Regonix,Regorafenib
Renib,Regorafenib
Resihance,Regorafenib
Stivarga,Regorafenib
Kisqali,Ribociclib
Kryxana,Ribociclib
Ikgdar,Rituximab
Mabtas,Rituximab
MabThera,Rituximab
Reditux,Rituximab
Ristova,Rituximab
Rituxan,Rituximab
Rituxim,Rituximab
Transera-Kit,Rituximab
Rituxan Hycela,Rituximab and hyaluronidase human
Istodax,Romidepsin
Besremi,Ropeginterferon alfa-2b
Rubraca,Rucaparib
Jakafi,Ruxolitinib
Jakavi,Ruxolitinib
Trodelvy,Sacituzumab govitecan
Leukine,Sargramostim
Nexpovio,Selinexor
Xpovio,Selinexor
Koselugo,Selumetinib
Semustina,Semustine
Provenge,Sipuleucel-T
Odomzo,Sonidegib
Nexavar,Sorafenib
Sorafenat,Sorafenib
Soranib,Sorafenib
Zanosar,Streptozocin
Kitent,Sunitinib
Lucisun,Sunitinib
Suninat,Sunitinib
Sunitix,Sunitinib
Sutent,Sunitinib
Elzonris,Tagraxofusp
Talzenna,Talazoparib
Imlygic,Talimogene laherparepvec
OncoVEX^GM-CSF,Talimogene laherparepvec
Amnoid,Tamibarotene
Amnolake,Tamibarotene
Istubal,Tamoxifen
Nolvadex,Tamoxifen
Soltamox,Tamoxifen
Valodex,Tamoxifen
Teysuno,Tegafur gimeracil oteracil
TS-One,Tegafur gimeracil oteracil
Ftorafur,Tegafur and uracil
Luporal,Tegafur and uracil
Tefudex,Tegafur and uracil
Uftoral,Tegafur and uracil
Ufur,Tegafur and uracil
Uracel,Tegafur and uracil
Gliotem,Temozolomide
Temcad,Temozolomide
Temizole,Temozolomide
Temodal,Temozolomide
Temodar,Temozolomide
Temomedac,Temozolomide
Temonat,Temozolomide
Temoside,Temozolomide
Temoz,Temozolomide
Temzol,Temozolomide
Torisel,Temsirolimus
Vumon,Teniposide
Contergan,Thalidomide
Distaval,Thalidomide
Kevadon,Thalidomide
Neurosedyn,Thalidomide
Pantosediv,Thalidomide
Sedalis,Thalidomide
Sedoval K17,Thalidomide
Softenon,Thalidomide
Synovir,Thalidomide
Talimol,Thalidomide
Thaangio,Thalidomide
Thalide,Thalidomide
Thalido,Thalidomide
Thalimide,Thalidomide
Thalitero,Thalidomide
Thalix,Thalidomide
Thaloma,Thalidomide
Thalomid,Thalidomide
Zuvimide,Thalidomide
Lanvis,Thioguanine
Tabloid,Thioguanine
Thioxlant,Thioguanine
Tepadina,Thiotepa
Thioplex,Thiotepa
Kymriah,Tisagenlecleucel
Fotivda,Tivozanib
Evotopin,Topotecan
Hycamtin,Topotecan
Potactasol,Topotecan
Topecan,Topotecan
Topotec,Topotecan
Acapodene,Toremifene
Fareston,Toremifene
Farestone,Toremifene
Bexxar,Tositumomab and I-131
Yondelis,Trabectedin
Mekinist,Trametinib
Meqsel,Trametinib
Amixam,Tranexamic acid
Cyklokapron,Tranexamic acid
Hemostan,Tranexamic acid
Prexam,Tranexamic acid
Temsy,Tranexamic acid
Tranofast,Tranexamic acid
Biceltis,Trastuzumab
CANMab,Trastuzumab
Herceptin,Trastuzumab
Herclon,Trastuzumab
Hertraz,Trastuzumab
Imjudo,Tremelimumab
Ovastat,Treosulfan
Trecondi,Treosulfan
Lonsurf,Trifluridine and tipiracil
Decapeptyl,Triptorelin
Detryptoreline,Triptorelin
Diphereline,Triptorelin
Gonapeptyl,Triptorelin
Trelstar LA,Triptorelin
Variopeptyl,Triptorelin
Depacon,Valproate
Depakine,Valproate
Depakote,Valproate
Encorate,Valproate
Epibest,Valproate
Epilim,Valproate
Epival,Valproate
Leeporate,Valproate
Vallona,Valproate
Valric,Valproate
Valstar,Valrubicin
Valtaxin,Valrubicin
Caprelsa,Vandetanib
Lucivand,Vandetanib
Zactima,Vandetanib
Zelboraf,Vemurafenib
Venclexta,Venetoclax
Venclyxto,Venetoclax
Alkaban-AQ,Vinblastine
Blastovin,Vinblastine
Cellblastin,Vinblastine
Cytoblastine,Vinblastine
Erbablas,Vinblastine
Exal,Vinblastine
Faulblastina,Vinblastine
Lemblastine,Vinblastine
Periblastine,Vinblastine
Rabinefil,Vinblastine
Velban,Vinblastine
Velbastine,Vinblastine
Velbe,Vinblastine
Vinblasin,Vinblastine
Vinblastin,Vinblastine
Vinblastina,Vinblastine
Alcrist,Vincristine
Biocrist,Vincristine
Biocrystin,Vincristine
Cellcristin,Vincristine
Citomid,Vincristine
Crivosin,Vincristine
Farmistin CS,Vincristine
Fauldvincri,Vincristine
Krebin,Vincristine
Kyocristine,Vincristine
Nevexitin,Vincristine
Oncovin,Vincristine
Onkocristin,Vincristine
Pericristine,Vincristine
Pharmacristine,Vincristine
Tecnocris,Vincristine
Vincasar,Vincristine
Vinces,Vincristine
Vincosid,Vincristine
Vincran,Vincristine
Vincrex,Vincristine
Vincrifil,Vincristine
Vincrin,Vincristine
Vincrisin,Vincristine
Vincrisol,Vincristine
Vincristin,Vincristine
Vincristina,Vincristine
Vincristinesulfaat,Vincristine
Vincristinsulfat,Vincristine
Vincristinum,Vincristine
Vincrisul,Vincristine
Vinracin,Vincristine
Vinracine,Vincristine
Vinstin,Vincristine
Vintec,Vincristine
Marqibo,Vincristine liposomal
Eldesine,Vindesine
Eldisin,Vindesine
Eldisine,Vindesine
Enison,Vindesine
Fildesin,Vindesine
Gesidine,Vindesine
Javlor,Vinflunine
Binorel,Vinorelbine
Biovelbin,Vinorelbine
Eunades,Vinorelbine
Flonorbin,Vinorelbine
Navelbine,Vinorelbine
Neoben,Vinorelbine
Relbovin,Vinorelbine
Vinelbine,Vinorelbine
Vinorelbel,Vinorelbine
Vinotec,Vinorelbine
Erivedge,Vismodegib
Zolinza,Vorinostat
Aztec,Zidovudine
Retrovir,Zidovudine
Zaltrap,Ziv-aflibercept
Tabrecta,Capmatinib
Padcev,Enfortumab vedotin
Enhertu,Trastuzumab deruxtecan
Plenaxis,Abarelix
Blenrep,Belantamab mafodotin
Tukysa,Tucatinib
Darzalex Faspro,Daratumumab and hyaluronidase
Panretin,Alitretinoin
Panretyn,Alitretinoin
Panrexin,Alitretinoin
Tecartus,Brexucabtagene autoleucel
Piqray,Alpelisib
Quinamed,Amonafide
Xanafide,Amonafide
Amoxi,Amoxicillin
Amoxihexal,Amoxicillin
Amoxil,Amoxicillin
Biomox,Amoxicillin
Amelie,Aumolertinib
Pemazyre,Pemigatinib
Qinlock,Ripretinib
Retevmo,Selpercatinib
Retsevmo,Selpercatinib
Inqovi,Decitabine and cedazuridine
Pepto-Bismol,Bismuth subsalicylate
AiRuiKa,Camrelizumab
Orgovyx,Relugolix
Relumina,Relugolix
Orserdu,Elacestrant
Neutrexin,Trimetrexate
Tepmetko,Tepotinib
Lytgobi,Futibatinib
Optune,NovoTTF-100A system (Optune)
Breyanzi,Lisocabtagene maraleucel
Liso-cel,Lisocabtagene maraleucel
Abecma,Idecabtagene vicleucel
Ayvakit,Avapritinib
Ayvakyt,Avapritinib
Turalio,Pexidartinib
Gavreto,Pralsetinib
Zepzelca,Lurbinectedin
Flagyl,Metronidazole
Danyelza,Naxitamab
Panmycin,Tetracycline
Sumycin,Tetracycline
Tetracyn,Tetracycline
De-Noltab,Tripotassium dicitratobismuthate
Welireg,Belzutifan
Rybrevant,Amivantamab
Onureg,Azacitidine oral
Colcrys,Colchicine
Mitigare,Colchicine
Jemperli,Dostarlimab
Hansizhuang,Serplulimab
Cejemly,Sugemalimab
Fyarro,Sirolimus protein-bound particles
Antrypol,Suramin
Krazati,Adagrasib
Kimmtrak,Tebentafusp
Inrebic,Fedratinib
Herceptin Hylecta,Trastuzumab and hyaluronidase
Brukinsa,Zanubrutinib
Ivesa,Furmonertinib
Carvykti,Ciltacabtagene autoleucel
Scemblix,Asciminib
Zynlonta,Loncastuximab tesirine
Tazverik,Tazemetostat
Opdualag,Nivolumab and relatlimab
Berofor,Interferon alfa-2c
Wellferon,Interferon alfa-n1
Margenza,Margetuximab
Lumakras,Sotorasib
Lumykras,Sotorasib
Ukoniq,Umbralisib
Tyvyt,Sintilimab
Jaypirca,Pirtobrutinib
Tuoyi,Toripalimab
Tecvayli,Teclistamab
Exkivity,Mobocertinib
Tivdak,Tisotumab vedotin
Somatuline Depot,Lanreotide LAR
Jeselhy,Pimitespib
Mostarina,Prednimustine
Sterocyt,Prednimustine
Vercite,Pipobroman
Vercyte,Pipobroman
Polivy,Polatuzumab vedotin
Elahere,Mirvetuximab soravtansine
Lunsumio,Mosunetuzumab
Adstiladrin,Nadofaragene firadenovec
Instiladrin,Nadofaragene firadenovec
Rezlidhia,Olutasidenib
Irene,Pyrotinib
Bigonist,Buserelin
Etilamide,Buserelin
Profact,Buserelin
Receptal,Buserelin
Suprecur,Buserelin
Suprefact,Buserelin
Contego,Lifileuecel
Ebvallo,Tabelecleucel
Tab-cel,Tabelecleucel
